DROP TABLE IF EXISTS abonne CASCADE;
DROP TABLE IF EXISTS vehicule CASCADE;
DROP TABLE IF EXISTS borne CASCADE;
DROP TABLE IF EXISTS station CASCADE;
DROP TABLE IF EXISTS reservation_v CASCADE;
DROP TABLE IF EXISTS reservation_b CASCADE;


CREATE TABLE abonne(

	id_abonne serial primary key,
	mdp varchar(30) not NULL,
	carte int UNIQUE not NULL,
	nom varchar(100),
	prenom varchar(25),
	mail varchar(320),
	telephone varchar(10)
);

CREATE TABLE station(

	code_station serial primary key,
	adresse varchar(100) not NULL, 
	ville varchar(60) not NULL
);

CREATE TABLE borne(

	id_borne serial primary key,
	type varchar(7) not NULL,
	code_station int,
	FOREIGN KEY (code_station) REFERENCES station(code_station)
	ON DELETE CASCADE ON UPDATE CASCADE,
	CONSTRAINT TypeB CHECK ((type = 'velo') OR (type = 'voiture'))
);

CREATE TABLE vehicule(

	id_vehicule serial primary key,
	type varchar(7) not NULL,
	imatriculation char(9) UNIQUE,
	modele_v varchar(50),
	fonctionnel boolean default True,
	stationne int UNIQUE,
	CONSTRAINT TypeV CHECK ((type = 'velo' AND (imatriculation IS NULL AND modele_v IS NULL)) OR (type = 'voiture'AND (imatriculation IS NOT NULL AND modele_v IS NOT NULL))),
	FOREIGN KEY (stationne) REFERENCES borne(id_borne)
	ON DELETE SET NULL ON UPDATE CASCADE

);

CREATE TABLE reservation_v(

	id_abonne int,
	dateR timestamp  DEFAULT NOW(),
	id_vehicule int,
	code_station int,
	
	PRIMARY KEY(id_vehicule,dateR),
	FOREIGN KEY (id_vehicule) REFERENCES vehicule(id_vehicule)
	ON DELETE SET NULL ON UPDATE CASCADE,
	FOREIGN KEY (id_abonne) REFERENCES abonne(id_abonne)
	ON DELETE SET NULL ON UPDATE CASCADE,
	FOREIGN KEY (code_station) REFERENCES station(code_station)
	ON DELETE CASCADE ON UPDATE CASCADE
);

CREATE TABLE reservation_b(

	id_abonne int,
	dateR timestamp  NOT NULL,
	id_borne int,
	
	PRIMARY KEY(id_borne,dateR),
	FOREIGN KEY (id_abonne) REFERENCES abonne(id_abonne)
	ON DELETE SET NULL ON UPDATE CASCADE,
	FOREIGN KEY (id_borne) REFERENCES borne(id_borne)
	ON DELETE CASCADE ON UPDATE CASCADE
);

---Filling table abonne :

INSERT INTO abonne (mdp,carte,nom,prenom,mail,telephone) VALUES
('123456789',1,'Garnier', 'Edgar','GarnierEdgar@gmail.com',0649996796),
('cl3mentAdrien13594delaMarne', 2,'Clement','Adrien','suercutie@tingtingemail.com',0649263509),
('JamesBondFan5983405709435',134,'Martin','Clarisse','ursa87@finecraft.company',0738703191),
('Jack3160',135,'Michel','Brett','BrettMichel@gmail.com',0756771451),
('9xNX7d42TjvcK5',136,'Rhoshandiatelly-neshiaunnveshenk Koyaanfsquatsiuty','Abdouroihamane','ursa87@finecraft.company',0638069212),
('67pj45bKqDbMG8',137,'David','Léa','seregabk@gesthedu.com',0755590506),
('ihXh8VZSzt5374',138,'Petit','Mila','ksg1972@finecraft.company',0750730750),
('yN6TAmV732u8umFF2sS6f8Vc6',158,'Masson','Agathe','hcc0819@kimgmail.com',0752836924),
('cPxAruV4AvFR8a28Z79Nj43y',189,'Garnier','Mila','hhbqfpd489@kimgmail.com',0752074351),
('hLTr2U7n33s33',190,'Nicolas','Laura','paulsteele78@dodoberat.com',0784130833),
('gyiobvdf3',191,'Leroy','Clara','mag_izq5ac24@code-gmail.com',0773015942),
('56dh6hd6n',192,'Simon','Mathilde','marvinmac89@code-gmail.com',0600446155),
('hl6sgp56',193,'Chevalier','Camille','pgfezvole78@dodoberat.com',0741946758),
('kn9hgd2m',194,'Moreau','Jade','nalbandyan92@aenomail.com',0757793029),
('54fg',195,'Fontaine','Nina','znikiformpogo1982v@aenomail.com',0755695826),
('Bsg343F4gG',196,'Richard','Léa','RichardLea76@code-gmail.com',0649592530),
('F85g8df6ze',197,'Clement','Elisa','eveluxa@dodoberat.com',0784104336),
('FOC418Fkfs',198,'Fontaine', 'Léna','g8imolzd@salahjabder1.cloud',0757035202),
('Blbl0f',199,'Simon','Louna','SimonLouna01@aenomail.com',0780829334),
('TYIFKDUQFS',200,'Francois','Lou','FrancoisLou35@code-gmail.com',0649955886),
('sdhdewj',201,'Leroy','Alicia','LAlicia7894@dodoberat.com',0770643712),
('56fn48fn',202,'Nicolas','Célia','nalbpsodic57@aenomail.com',0605144488),
('98sqghki4',203,'Gauthier','Anaïs','gemmd@salahjabder1.cloud',0689086400),
('843gdp89f',204,'Roussel','Ambre','evaguk@h0tmal.com',0757003735),
('843gdp89f',205,'Roussel','Ambre','evaguk@h0tmal.com',0757003735),
('Ninud875',206,'Leroy','Jean','omvhbsq85@code-gmail.com',0773015942);

---- Insertion de données pour la table station

INSERT INTO station (code_station,adresse,ville ) VALUES
(1,'3 Rue du 11 Novembre','Bordeaux'),
(2,'7 Rue du Vingt Six Août 1944','Bry-sur-Marne'),
(3,'7 Rue du Vingt Six Août 1944','Noisy-le-Grand'),
(4,'8 Rue de l Abbaye','Nice'),
(5,'1 Rue Félix Pyat','Marseille'),
(6,'4 Impasse des Bons Amis','Marseille'),
(7,'5 Rue Raymond Cayol','Marseille'),
(8,'2 Rue Gatien Arnoult','Toulouse'),
(9,'3 Rue la Folie','Saint-Remy-en-Bouzemont-Saint-Genest-et-Isson'),
(10,'3 Rue','Saint-Remy-en-Bouzemont-Saint-G');

---Filling table borne :

INSERT INTO borne (type,code_station ) VALUES
('velo',1),
('velo',1),
('velo',1),
('velo',1),
('velo',1),
('velo',1),
('velo',1),
('voiture',1),
('voiture',1),
('voiture',1),
('voiture',1),
('voiture',1),
('voiture',1),
('voiture',1),
('voiture',1),
('voiture',1),
('voiture',1),
('voiture',1),
('voiture',1),
('voiture',1),
('voiture',1),
('velo',2),
('velo',2),
('velo',2),
('velo',2),
('velo',2),
('velo',2),
('velo',2),
('velo',2),
('velo',2),
('velo',2),
('voiture',2),
('voiture',2),
('voiture',2),
('voiture',2),
('voiture',2),
('voiture',2),
('voiture',2),
('voiture',2),
('voiture',2),
('voiture',2),
('velo',3),
('velo',3),
('velo',3),
('velo',3),
('velo',3),
('velo',3),
('velo',3),
('velo',3),
('voiture',4),
('voiture',4),
('voiture',4),
('voiture',4),
('voiture',4),
('voiture',4),
('voiture',4),
('voiture',4),
('voiture',4),
('voiture',4),
('voiture',4),
('voiture',4),
('voiture',4),
('voiture',4),
('velo',5),
('velo',5),
('velo',5),
('velo',5),
('voiture',5),
('voiture',5),
('voiture',5),
('voiture',5),
('voiture',5),
('velo',6),
('velo',6),
('voiture',6),
('voiture',6),
('voiture',6),
('velo',7),
('velo',7),
('velo',7),
('velo',7),
('velo',7),
('velo',7),
('velo',7),
('velo',7),
('velo',7),
('velo',7),
('velo',7),
('velo',7),
('voiture',7),
('voiture',7),
('voiture',7),
('voiture',7),
('voiture',7),
('voiture',7),
('voiture',7),
('voiture',7),
('voiture',8),
('voiture',8),
('voiture',8),
('voiture',8),
('voiture',8),
('voiture',8),
('voiture',8),
('voiture',8),
('voiture',8),
('voiture',8),
('velo',9),
('velo',9),
('velo',9),
('velo',9),
('velo',9),
('voiture',9),
('voiture',9),
('voiture',9),
('voiture',9),
('voiture',9);

---Filling table vehicule :

INSERT INTO vehicule (type,imatriculation,modele_v,fonctionnel,stationne) VALUES
('voiture','ME-001-XY','C70 Coupe',False,13),
('voiture','AB-999-YX','Volkswagen Golf',False,16),
('voiture','HJ-845-KC','C70 Coupe',True,21),
('voiture','LZ-346-AZ','Volkswagen Golf',True,37),
('voiture','CJ-198-AB','Volkswagen Tiguan',True,38),
('voiture','AA-467-PK','Skoda Fabia',True,53),
('voiture','FR-932-MF','Skoda Kamiq',True,54),
('voiture','BB-357-BY','Skoda Enyaq',True,58),
('voiture','PC-123-LJ','Fiat 500',True,72),
('voiture','WV-915-SM','Fiat Scudo Fourgon',False,73),
('voiture','AB-346-PX','Fiat 500',True,77),
('voiture','ME-957-NR','Jeep Renegade',True,91),
('voiture','WM-267-DH','Jeep Avenger',True,92),
('voiture','VK-379-WL','Jeep Compass',True,105),
('voiture','DF-617-QK','Abarth 500C',False,106),
('voiture','EA-732-HG','BMW Série 1',True,114),
('voiture','LH-987-XK','BMW Série 1',True,116),
('voiture','XQ-898-TF','DeLorean DMC-12',True,NULL),
('voiture','RF-555-ED','Ford Focus SW',True,NULL),
('voiture','TY-627-SE','DeLorean DMC-12',True,NULL),
('velo',NULL,NULL,True,1),
('velo',NULL,NULL,True,7),
('velo',NULL,NULL,True,25),
('velo',NULL,NULL,True,28),
('velo',NULL,NULL,True,44),
('velo',NULL,NULL,True,67),
('velo',NULL,NULL,False,75),
('velo',NULL,NULL,True,80),
('velo',NULL,NULL,False,85),
('velo',NULL,NULL,True,110),
('velo',NULL,NULL,True,112),
('velo',NULL,NULL,True,NULL),
('velo',NULL,NULL,True,NULL),
('velo',NULL,NULL,True,NULL),
('velo',NULL,NULL,True,NULL);

---- Insertion de données pour la table reservation_v

INSERT INTO reservation_v (id_abonne,dateR,id_vehicule,code_station)  VALUES
(1,'2023-01-01 01:50', 11,6),
(2,'2023-01-01 01:50', 1,6),
(3,'2023-01-01 01:50', 2,6),
(4,'2023-01-01 01:50', 5,6),
(5,'2023-01-01 01:50', 6,6),
(2,'2024-06-09 12:00', 5,4),
(3,'2024-06-09 12:00', 35,4),
(3,'2023-09-09 06:20', 12,2),
(4,'2024-06-09 12:00', 3,4),
(3,'2022-10-16 12:00', 12,5),
(4,'2024-11-30 14:30', 34,7),
(4,'2024-04-15 16:30', 24,4),
(5,'2023-09-03 19:16', 14,1),
(5,'2023-03-16 22:30', 15,3),
(5,'2023-09-14 12:27', 16,8),
(5,'2023-07-19 10:26', 17,3),
(5,'2022-08-13 09:30', 18,9),
(6,'2024-02-24 04:13', 01,1),
(6,'2023-06-04 18:10', 02,2),
(6,'2023-07-29 23:08', 03,7),
(6,'2022-02-13 21:05', 04,6),
(6,'2022-08-27 09:24', 05,2),
(6,'2022-12-24 21:07', 06,1),
(7,'2024-11-06 15:00', 29,3),
(7,'2024-10-07 10:40', 21,2),
(7,'2024-07-09 21:50', 25,7),
(7,'2024-05-16 22:30', 23,6),
(7,'2023-09-19 23:02', 24,2),
(7,'2023-08-12 03:20', 19,3),
(8,'2024-03-13 06:40', 24,8),
(8,'2024-10-07 12:30', 29,7),
(8,'2023-11-03 07:05', 23,9),
(9,'2023-10-29 10:17', 22,6),
(9,'2023-03-22 18:27', 22,6),
(9,'2023-02-12 19:19', 22,6),
(9,'2023-11-02 14:42', 22,6),
(9,'2023-01-09 12:43', 22,6),
(10,'2022-09-14 17:31', 34,3),
(11,'2024-12-28 13:10', 4,7),
(12,'2023-11-30 16:26', 27,1),
(12,'2023-03-07 10:56', 2,5),
(12,'2023-02-16 12:00', 21,8),
(12,'2022-07-26 13:30', 32,7),
(12,'2022-08-03 12:00', 16,9),
(13,'2024-10-09 12:30', 14,6),
(13,'2024-06-14 14:00', 13,5),
(13,'2023-10-16 17:30', 7,3),
(13,'2023-12-18 18:00', 9,4),
(14,'2024-11-05 19:30', 10,2),
(14,'2023-09-09 20:00', 4,8),
(14,'2023-07-07 12:30', 27,2),
(15,'2023-01-13 16:00', 32,1),
(15,'2022-11-26 07:16', 35,3),
(15,'2022-06-29 08:38', 21,5),
(16,'2022-07-23 03:00', 16,5),
(16,'2022-11-15 01:40', 15,6),
(17,'2024-10-17 19:30', 9,6),
(17,'2024-09-19 16:00', 17,6),
(17,'2024-03-30 04:50', 5,5),
(17,'2023-02-08 03:20', 21,8),
(17,'2023-01-04 19:10', 32,7),
(17,'2023-11-16 14:00', 6,7),
(18,'2024-09-30 09:00', 19,1),
(18,'2024-12-01 07:00', 17,1),
(18,'2023-10-09 13:00', 1,9),
(18,'2023-08-21 19:30', 30,2),
(18,'2023-09-13 17:30', 25,5),
(18,'2023-03-19 12:30', 23,3),
(19,'2023-04-07 19:00', 18,8),
(19,'2023-06-06 23:00', 16,7),
(19,'2022-08-16 04:08', 7,5),
(19,'2022-07-29 09:02', 34,9),
(20,'2024-11-10 16:10', 27,4),
(20,'2023-12-01 17:50', 12,3),
(20,'2023-10-09 12:40', 1,7),
(21,'2023-06-20 13:09', 7,6),
(23,'2024-09-06 16:00', 9,2),
(23,'2024-02-27 17:30', 13,1),
(23,'2023-01-14 18:20', 12,1),
(25,'2023-12-19 19:50', 16,9),
(26,'2024-11-13 20:53', 14,7),
(26,'2024-10-14 07:18', 4,7),
(26,'2023-02-24 16:27', 5,7),
(26,'2022-09-26 08:00', 6,8);

---Filling table reservation_b :

INSERT INTO reservation_b (id_abonne,dateR,id_borne)VALUES
(1,'2023-01-05 15:00',1),
(3,'2023-01-05 15:00',5),
(6,'2023-01-05 15:00',6),
(1,'2023-01-05 18:00',1),
(1,'2023-04-25 18:30',4),
(1,'2023-11-16 09:00',10),
(2,'2023-08-11 20:00',56),
(2,'2023-06-30 16:11',60),
(2,'2023-04-24 19:00',45),
(2,'2023-04-06 03:50',10),
(2,'2022-11-27 05:20',3),
(3,'2023-12-04 07:15',5),
(3,'2023-01-16 21:00',104),
(4,'2023-07-30 12:30',112),
(6,'2023-06-25 08:00',56),
(6,'2023-08-14 11:10',10),
(6,'2023-02-19 14:01',17),
(6,'2023-03-18 13:56',64),
(6,'2023-12-27 18:00',97),
(7,'2023-11-05 05:00',76),
(7,'2022-10-09 06:00',64),
(7,'2022-01-10 17:10',35),
(8,'2024-02-20 15:45',27),
(8,'2023-10-01 12:45',87),
(8,'2023-11-27 23:41',64),
(8,'2023-12-30 08:10',25),
(10,'2022-04-26 22:11',98),
(10,'2022-06-12 14:20',17),
(11,'2023-03-19 16:30',31),
(12,'2023-10-20 19:00',54),
(12,'2023-11-30 01:00',110),
(12,'2023-02-27 10:30',37),
(13,'2024-07-24 18:00',45),
(13,'2024-01-28 22:20',69),
(14,'2023-03-16 10:10',92),
(15,'2023-02-07 16:50',14),
(15,'2023-07-03 19:00',109),
(15,'2023-11-04 23:50',34),
(15,'2023-10-11 11:00',67),
(16,'2024-02-11 12:00',91),
(16,'2023-04-27 13:10',60),
(16,'2023-05-23 14:30',40),
(17,'2024-09-09 15:55',65),
(17,'2024-07-27 16:10',111),
(17,'2023-03-06 17:45',19),
(17,'2023-02-15 18:00',87),
(17,'2023-07-17 19:59',31),
(18,'2022-01-13 20:10',45),
(18,'2022-12-12 11:40',65),
(18,'2022-11-11 01:20',67),
(18,'2022-10-10 21:10',20),
(18,'2022-07-01 07:00',80),
(21,'2023-03-03 01:00',7),
(21,'2023-02-13 10:00',109),
(21,'2023-01-24 11:30',60),
(22,'2023-06-27 13:00',78),
(22,'2023-12-30 16:30',20),
(22,'2023-08-17 18:00',9),
(22,'2022-10-24 20:10',4),
(22,'2022-01-16 14:00',3),
(23,'2024-11-12 07:00',1),
(24,'2024-10-17 09:30',102),
(24,'2024-06-06 02:00',60),
(24,'2024-04-21 17:00',92),
(24,'2023-03-24 19:30',64),
(25,'2023-02-14 18:45',73),
(25,'2023-08-13 14:00',92),
(25,'2022-09-27 22:00',97),
(26,'2024-10-26 10:56',73),
(26,'2023-11-13 11:30',98);

--requete

CREATE VIEW AccesMairie AS
(
SELECT DISTINCT b.ville,b.code_station,b.dateR,b.nbb,v.nbv 
FROM
(SELECT ville,code_station,dateR,count(*) AS nbb FROM reservation_b NATURAL JOIN borne NATURAL JOIN station GROUP BY ville, code_station, dateR) AS b,
(SELECT ville,code_station,dateR,count(*) AS nbv FROM reservation_v NATURAL JOIN station GROUP BY ville, code_station, dateR) AS v
WHERE (b.ville=v.ville) AND (b.code_station = V.code_station)
);

